mood,response
happy,Go for a walk in nature to keep the positive vibes going!
happy,Try a new hobby like painting to channel your energy.
happy,Dance to your favorite upbeat music.
happy,Write down things you're grateful for.
happy,Spend time with loved ones and share laughter.
happy,Watch a comedy show or movie.
happy,Cook a special meal and enjoy the process.
happy,Do something kind for someone else.
happy,Start a journal to capture your happiest moments.
happy,Treat yourself to a small reward.

sad,Listen to uplifting music to lift your spirits.
sad,Try a short meditation to calm your mind.
sad,Reach out to a close friend for support.
sad,Express your emotions through writing or art.
sad,Watch an inspirational video or talk.
sad,Go for a walk and embrace fresh air.
sad,Cuddle with a pet or a comforting object.
sad,Engage in a creative activity like drawing.
sad,Remind yourself that tough times pass.
sad,Practice positive affirmations.

stressed,Practice deep breathing to reduce stress.
stressed,Do a 10-minute yoga session to release tension.
stressed,Write down your worries and let them go.
stressed,Listen to calming instrumental music.
stressed,Try guided meditation for relaxation.
stressed,Stretch your muscles and relax your body.
stressed,Prioritize tasks and set small goals.
stressed,Reduce screen time and take a break.
stressed,Take a warm bath with soothing scents.
stressed,Engage in physical exercise to relieve tension.

anxious,Engage in a grounding exercise to ease anxiety.
anxious,Take a short walk to clear your mind.
anxious,Practice mindfulness and deep breathing.
anxious,Write down whatâ€™s making you anxious.
anxious,Avoid caffeine and opt for herbal tea.
anxious,Try progressive muscle relaxation.
anxious,Limit news and social media exposure.
anxious,Repeat calming affirmations.
anxious,Talk to a trusted person about your worries.
anxious,Listen to nature sounds or white noise.

tired,Take a 20-minute power nap to recharge.
tired,Drink water and eat a healthy snack for a boost.
tired,Stretch your body and do a light workout.
tired,Get sunlight exposure for an energy boost.
tired,Try aromatherapy with energizing scents.
tired,Take short breaks during long tasks.
tired,Maintain a consistent sleep schedule.
tired,Listen to upbeat music to wake up your senses.
tired,Do a quick breathing exercise for alertness.
tired,Avoid screens before bedtime for better sleep.

lonely,Call a loved one and catch up.
lonely,Join an online or local community.
lonely,Write letters to friends or family.
lonely,Adopt a pet or spend time with animals.
lonely,Attend a social event and meet new people.
lonely,Explore new hobbies to stay engaged.
lonely,Practice self-care and treat yourself.
lonely,Listen to podcasts or audiobooks.
lonely,Engage in meaningful conversations.
lonely,Volunteer and connect with others.

bored,Start learning a new language.
bored,Try an online course to gain a new skill.
bored,Read a book in a genre you rarely explore.
bored,Experiment with new recipes in the kitchen.
bored,Organize and redecorate a space in your home.
bored,Write a story or try creative writing.
bored,Play a board game or solve puzzles.
bored,Take on a DIY craft project.
bored,Learn a musical instrument.
bored,Go outside and explore new places.

excited,Share your enthusiasm with a friend!
excited,Start a project that inspires you.
excited,Dive into a thrilling adventure novel.
excited,Plan a fun weekend activity.
excited,Listen to motivational speakers.
excited,Write down your dreams and goals.
excited,Try something spontaneous and new.
excited,Channel your energy into exercise.
excited,Express your excitement through art.
excited,Celebrate small wins.

frustrated,Try journaling to release your emotions.
frustrated,Go for a brisk walk to release tension.
frustrated,Pause and take deep breaths.
frustrated,Engage in physical exercise.
frustrated,Listen to calming music.
frustrated,Talk it out with someone you trust.
frustrated,Focus on problem-solving techniques.
frustrated,Try distraction with an enjoyable activity.
frustrated,Do a mindful activity like coloring.
frustrated,Practice patience and self-kindness.